step,optimizer_step,num_examples,reward,answer_reward,format_reward
10.0,20.0,512.0,0.703125,0.703125,0.98046875
20.0,40.0,512.0,0.740234375,0.740234375,0.98046875
30.0,60.0,512.0,0.7734375,0.7734375,0.990234375
40.0,80.0,512.0,0.7734375,0.7734375,0.9921875
50.0,100.0,512.0,0.775390625,0.775390625,0.9921875
